,ESSENTIAL_SKILL,Total,INDENT_STATE,Predictions
2024-04-02,.NET.NET,2.0,CANCELLEDCANCELLED,
2024-04-03,.NET.NET.NET.NET.NET.NET.NET,7.0,CANCELLEDCANCELLEDCANCELLEDCANCELLEDCANCELLEDCANCELLEDCANCELLED,
2024-04-04,.NET.NET.NET.NET.NET.NET.NET.NET,9.0,CANCELLEDCANCELLEDCANCELLEDCANCELLEDCANCELLEDCANCELLEDCANCELLEDCANCELLED,
2024-04-05,.NET.NET.NET.NET.NET.NET.NET.NET,8.0,CANCELLEDCANCELLEDCANCELLEDCANCELLEDCANCELLEDCANCELLEDCANCELLEDCANCELLED,
2024-04-06,0,0.0,0,
2024-04-07,0,0.0,0,
2024-04-08,.NET.NET.NET.NET.NET.NET,8.0,CANCELLEDCANCELLEDCANCELLEDCANCELLEDCANCELLEDCANCELLED,
2024-04-09,0,0.0,0,
2024-04-10,.NET.NET.NET.NET.NET.NET.NET,8.0,CANCELLEDCANCELLEDCANCELLEDFULFILLEDCANCELLEDCANCELLEDCANCELLED,
2024-04-11,0,0.0,0,
2024-04-12,.NET.NET.NET.NET,4.0,CANCELLEDCANCELLEDCANCELLEDCANCELLED,
2024-04-13,0,0.0,0,
2024-04-14,0,0.0,0,
2024-04-15,.NET.NET.NET.NET.NET.NET.NET.NET.NET.NET.NET,16.0,CANCELLEDCANCELLEDFULFILLEDCANCELLEDCANCELLEDCANCELLEDCANCELLEDCANCELLEDCANCELLEDCANCELLEDCANCELLED,
2024-04-16,.NET.NET,2.0,CANCELLEDCANCELLED,
2024-04-17,.NET.NET.NET,3.0,CANCELLEDCANCELLEDCANCELLED,
2024-04-18,.NET.NET.NET.NET.NET.NET.NET.NET.NET,11.0,CANCELLEDCANCELLEDCANCELLEDCANCELLEDCANCELLEDCANCELLEDCANCELLEDCANCELLEDCANCELLED,
2024-04-19,.NET.NET.NET.NET.NET,5.0,FULFILLEDCANCELLEDCANCELLEDCANCELLEDCANCELLED,
2024-04-20,0,0.0,0,
2024-04-21,0,0.0,0,
2024-04-22,.NET.NET.NET.NET,4.0,CANCELLEDCANCELLEDCANCELLEDCANCELLED,
2024-04-23,.NET.NET.NET.NET.NET,11.0,CANCELLEDCANCELLEDCANCELLEDCANCELLEDCANCELLED,
2024-04-24,.NET.NET.NET.NET,4.0,CANCELLEDCANCELLEDCANCELLEDCANCELLED,
2024-04-25,.NET.NET.NET.NET.NET.NET,8.0,CANCELLEDCANCELLEDCANCELLEDCANCELLEDCANCELLEDCANCELLED,
2024-04-26,.NET.NET.NET.NET.NET.NET.NET.NET.NET,9.0,CANCELLEDCANCELLEDCANCELLEDCANCELLEDCANCELLEDCANCELLEDCANCELLEDCANCELLEDCANCELLED,
2024-04-27,0,0.0,0,
2024-04-28,0,0.0,0,
2024-04-29,.NET.NET.NET.NET.NET.NET.NET.NET,8.0,CANCELLEDCANCELLEDCANCELLEDCANCELLEDCANCELLEDCANCELLEDCANCELLEDCANCELLED,
2024-04-30,.NET.NET.NET.NET.NET,6.0,CANCELLEDFULFILLEDCANCELLEDFULFILLEDCANCELLED,
2024-05-01,0,0.0,0,
2024-05-02,.NET.NET.NET.NET.NET.NET.NET.NET.NET.NET,10.0,CANCELLEDCANCELLEDCANCELLEDCANCELLEDCANCELLEDCANCELLEDCANCELLEDCANCELLEDCANCELLEDCANCELLED,
2024-05-03,.NET.NET,2.0,CANCELLEDCANCELLED,
2024-05-04,0,0.0,0,
2024-05-05,0,0.0,0,
2024-05-06,.NET.NET.NET.NET.NET.NET,10.0,CANCELLEDCANCELLEDFULFILLEDCANCELLEDCANCELLEDCANCELLED,
2024-05-07,.NET.NET.NET.NET.NET.NET.NET.NET,9.0,CANCELLEDCANCELLEDCANCELLEDCANCELLEDCANCELLEDCANCELLEDCANCELLEDCANCELLED,
2024-05-08,.NET.NET.NET.NET.NET.NET.NET.NET.NET.NET.NET.NET.NET.NET.NET.NET.NET.NET.NET.NET.NET.NET.NET,27.0,CANCELLEDCANCELLEDCANCELLEDCANCELLEDCANCELLEDCANCELLEDFULFILLEDCANCELLEDCANCELLEDCANCELLEDFULFILLEDCANCELLEDFULFILLEDCANCELLEDCANCELLEDPENDINGCANCELLEDCANCELLEDCANCELLEDCANCELLEDPENDINGCANCELLEDFULFILLED,
2024-05-09,.NET.NET.NET.NET.NET.NET.NET.NET.NET.NET.NET.NET.NET.NET.NET.NET,25.0,CANCELLEDCANCELLEDCANCELLEDCANCELLEDCANCELLEDCANCELLEDCANCELLEDCANCELLEDCANCELLEDCANCELLEDCANCELLEDCANCELLEDCANCELLEDCANCELLEDCANCELLEDCANCELLED,
2024-05-10,.NET.NET.NET.NET.NET.NET.NET.NET.NET.NET.NET.NET.NET.NET.NET.NET.NET.NET.NET.NET.NET.NET.NET.NET.NET,56.0,CANCELLEDCANCELLEDCANCELLEDCANCELLEDCANCELLEDCANCELLEDCANCELLEDCANCELLEDCANCELLEDCANCELLEDCANCELLEDCANCELLEDCANCELLEDCANCELLEDCANCELLEDCANCELLEDCANCELLEDCANCELLEDCANCELLEDCANCELLEDCANCELLEDCANCELLEDCANCELLEDCANCELLEDCANCELLED,
2024-05-11,0,0.0,0,
2024-05-12,.NET.NET.NET.NET,4.0,CANCELLEDCANCELLEDCANCELLEDCANCELLED,
2024-05-13,.NET.NET.NET.NET.NET.NET,6.0,CANCELLEDCANCELLEDCANCELLEDCANCELLEDCANCELLEDCANCELLED,
2024-05-14,.NET.NET.NET.NET.NET.NET.NET,9.0,CANCELLEDCANCELLEDFULFILLEDCANCELLEDCANCELLEDFULFILLEDCANCELLED,
2024-05-15,.NET.NET.NET.NET.NET.NET.NET.NET.NET.NET.NET,13.0,CANCELLEDCANCELLEDCANCELLEDCANCELLEDCANCELLEDCANCELLEDCANCELLEDCANCELLEDCANCELLEDCANCELLEDFULFILLED,
2024-05-16,.NET.NET.NET,4.0,CANCELLEDCANCELLEDCANCELLED,
2024-05-17,.NET.NET.NET.NET.NET.NET,8.0,CANCELLEDCANCELLEDCANCELLEDCANCELLEDCANCELLEDCANCELLED,
2024-05-18,0,0.0,0,
2024-05-19,0,0.0,0,
2024-05-20,.NET.NET.NET.NET.NET.NET.NET.NET.NET.NET.NET.NET.NET.NET.NET.NET,16.0,CANCELLEDCANCELLEDCANCELLEDCANCELLEDCANCELLEDCANCELLEDCANCELLEDCANCELLEDCANCELLEDCANCELLEDCANCELLEDCANCELLEDCANCELLEDCANCELLEDCANCELLEDCANCELLED,
2024-05-21,.NET.NET,2.0,CANCELLEDCANCELLED,
2024-05-22,.NET.NET.NET.NET.NET.NET.NET.NET.NET.NET,13.0,CANCELLEDCANCELLEDCANCELLEDCANCELLEDCANCELLEDCANCELLEDCANCELLEDCANCELLEDCANCELLEDCANCELLED,
2024-05-23,.NET.NET.NET.NET.NET,5.0,CANCELLEDCANCELLEDCANCELLEDCANCELLEDCANCELLED,
2024-05-24,.NET,1.0,CANCELLED,
2024-05-25,0,0.0,0,
2024-05-26,0,0.0,0,
2024-05-27,.NET.NET.NET.NET.NET.NET.NET.NET.NET.NET.NET.NET.NET.NET,17.0,CANCELLEDCANCELLEDCANCELLEDCANCELLEDCANCELLEDCANCELLEDCANCELLEDCANCELLEDCANCELLEDCANCELLEDCANCELLEDCANCELLEDCANCELLEDCANCELLED,
2024-05-28,.NET.NET.NET.NET.NET.NET.NET.NET.NET,14.0,CANCELLEDCANCELLEDCANCELLEDCANCELLEDCANCELLEDCANCELLEDCANCELLEDCANCELLEDCANCELLED,
2024-05-29,.NET.NET.NET,3.0,CANCELLEDCANCELLEDCANCELLED,
2024-05-30,.NET.NET.NET.NET.NET,5.0,CANCELLEDCANCELLEDCANCELLEDCANCELLEDCANCELLED,
2024-05-31,.NET,1.0,CANCELLED,
2024-06-01,0,0.0,0,
2024-06-02,0,0.0,0,
2024-06-03,.NET.NET.NET.NET.NET.NET.NET.NET.NET.NET.NET.NET.NET.NET.NET.NET.NET.NET.NET.NET.NET.NET.NET.NET.NET.NET.NET.NET.NET.NET.NET.NET.NET.NET.NET.NET.NET.NET.NET.NET.NET,55.0,CANCELLEDCANCELLEDCANCELLEDCANCELLEDCANCELLEDCANCELLEDCANCELLEDCANCELLEDCANCELLEDCANCELLEDCANCELLEDCANCELLEDCANCELLEDCANCELLEDCANCELLEDCANCELLEDCANCELLEDCANCELLEDCANCELLEDCANCELLEDCANCELLEDCANCELLEDCANCELLEDCANCELLEDCANCELLEDCANCELLEDCANCELLEDCANCELLEDCANCELLEDCANCELLEDCANCELLEDCANCELLEDCANCELLEDCANCELLEDCANCELLEDCANCELLEDCANCELLEDCANCELLEDCANCELLEDCANCELLEDCANCELLED,
2024-06-04,.NET.NET.NET.NET.NET.NET.NET.NET,11.0,CANCELLEDCANCELLEDCANCELLEDCANCELLEDCANCELLEDCANCELLEDCANCELLEDCANCELLED,
2024-06-05,.NET.NET.NET,3.0,CANCELLEDCANCELLEDCANCELLED,
2024-06-06,.NET.NET.NET.NET.NET.NET.NET.NET.NET,22.0,CANCELLEDCANCELLEDCANCELLEDCANCELLEDCANCELLEDCANCELLEDCANCELLEDCANCELLEDCANCELLED,
2024-06-07,.NET.NET.NET.NET.NET.NET.NET.NET,8.0,CANCELLEDCANCELLEDCANCELLEDCANCELLEDCANCELLEDCANCELLEDCANCELLEDCANCELLED,
2024-06-08,.NET,1.0,CANCELLED,
2024-06-09,.NET.NET.NET.NET.NET.NET.NET.NET.NET.NET,10.0,FULFILLEDCANCELLEDCANCELLEDCANCELLEDCANCELLEDCANCELLEDCANCELLEDFULFILLEDCANCELLEDCANCELLED,
2024-06-10,.NET.NET.NET.NET,7.0,CANCELLEDCANCELLEDCANCELLEDCANCELLED,
2024-06-11,.NET.NET.NET.NET.NET.NET.NET.NET,10.0,CANCELLEDCANCELLEDCANCELLEDCANCELLEDCANCELLEDCANCELLEDCANCELLEDCANCELLED,
2024-06-12,.NET.NET.NET.NET.NET,6.0,CANCELLEDCANCELLEDCANCELLEDCANCELLEDCANCELLED,
2024-06-13,.NET,1.0,CANCELLED,
2024-06-14,.NET.NET.NET.NET.NET.NET,6.0,CANCELLEDCANCELLEDCANCELLEDCANCELLEDCANCELLEDFULFILLED,
2024-06-15,0,0.0,0,
2024-06-16,0,0.0,0,
2024-06-17,0,0.0,0,
2024-06-18,.NET.NET,3.0,CANCELLEDCANCELLED,
2024-06-19,.NET.NET.NET.NET.NET,5.0,CANCELLEDCANCELLEDCANCELLEDCANCELLEDCANCELLED,
2024-06-20,.NET.NET.NET.NET,4.0,CANCELLEDCANCELLEDCANCELLEDCANCELLED,
2024-06-21,.NET.NET,2.0,CANCELLEDCANCELLED,
2024-06-22,0,0.0,0,
2024-06-23,0,0.0,0,
2024-06-24,.NET.NET.NET.NET.NET,5.0,CANCELLEDCANCELLEDCANCELLEDCANCELLEDCANCELLED,
2024-06-25,.NET.NET.NET.NET,18.0,CANCELLEDCANCELLEDCANCELLEDCANCELLED,
2024-06-26,.NET.NET.NET.NET.NET,5.0,CANCELLEDCANCELLEDCANCELLEDCANCELLEDCANCELLED,
2024-06-27,.NET.NET.NET.NET,4.0,CANCELLEDCANCELLEDCANCELLEDCANCELLED,
2024-06-28,.NET.NET.NET.NET.NET.NET.NET,8.0,CANCELLEDCANCELLEDCANCELLEDCANCELLEDCANCELLEDCANCELLEDCANCELLED,
2024-06-29,0,0.0,0,
2024-06-30,0,0.0,0,
2024-07-01,.NET.NET.NET.NET.NET,7.0,CANCELLEDCANCELLEDCANCELLEDCANCELLEDCANCELLED,
2024-07-02,.NET.NET,2.0,CANCELLEDCANCELLED,
2024-07-03,.NET.NET.NET.NET,4.0,CANCELLEDCANCELLEDCANCELLEDCANCELLED,
2024-07-04,.NET.NET.NET.NET,4.0,CANCELLEDCANCELLEDCANCELLEDCANCELLED,
2024-07-05,.NET.NET.NET,3.0,FULFILLEDCANCELLEDCANCELLED,
2024-07-06,.NET.NET,2.0,CANCELLEDCANCELLED,
2024-07-07,0,0.0,0,
2024-07-08,.NET,1.0,CANCELLED,
2024-07-09,.NET.NET.NET.NET.NET.NET,6.0,CANCELLEDCANCELLEDCANCELLEDCANCELLEDCANCELLEDCANCELLED,
2024-07-10,.NET.NET.NET.NET.NET,6.0,CANCELLEDCANCELLEDCANCELLEDCANCELLEDCANCELLED,
2024-07-11,.NET.NET,3.0,FULFILLEDCANCELLED,
2024-07-12,.NET.NET,2.0,FULFILLEDCANCELLED,
2024-07-13,0,0.0,0,
2024-07-14,0,0.0,0,
2024-07-15,.NET.NET.NET.NET.NET.NET.NET,8.0,CANCELLEDCANCELLEDCANCELLEDCANCELLEDCANCELLEDCANCELLEDCANCELLED,
2024-07-16,.NET.NET.NET.NET.NET,5.0,CANCELLEDCANCELLEDFULFILLEDCANCELLEDCANCELLED,
2024-07-17,.NET.NET.NET.NET.NET,5.0,CANCELLEDCANCELLEDCANCELLEDCANCELLEDCANCELLED,
2024-07-18,.NET.NET.NET.NET.NET.NET,7.0,CANCELLEDCANCELLEDCANCELLEDCANCELLEDCANCELLEDCANCELLED,
2024-07-19,.NET.NET.NET.NET.NET,5.0,FULFILLEDCANCELLEDCANCELLEDCANCELLEDCANCELLED,
2024-07-20,0,0.0,0,
2024-07-21,0,0.0,0,
2024-07-22,.NET.NET,2.0,CANCELLEDCANCELLED,
2024-07-23,.NET.NET.NET.NET.NET.NET.NET.NET.NET.NET.NET.NET.NET.NET,32.0,CANCELLEDCANCELLEDCANCELLEDCANCELLEDCANCELLEDCANCELLEDCANCELLEDCANCELLEDCANCELLEDCANCELLEDCANCELLEDCANCELLEDFULFILLEDFULFILLED,
2024-07-24,.NET.NET.NET.NET.NET,5.0,CANCELLEDCANCELLEDCANCELLEDCANCELLEDCANCELLED,
2024-07-25,0,0.0,0,
2024-07-26,.NET.NET.NET.NET,8.0,FULFILLEDCANCELLEDFULFILLEDCANCELLED,
2024-07-27,.NET,1.0,CANCELLED,
2024-07-28,.NET,1.0,CANCELLED,
2024-07-29,.NET.NET,2.0,CANCELLEDCANCELLED,
2024-07-30,.NET.NET.NET.NET.NET.NET,6.0,CANCELLEDCANCELLEDCANCELLEDCANCELLEDCANCELLEDCANCELLED,
2024-07-31,.NET.NET.NET.NET.NET.NET.NET.NET,9.0,CANCELLEDCANCELLEDCANCELLEDCANCELLEDCANCELLEDCANCELLEDCANCELLEDCANCELLED,
2024-08-01,.NET.NET.NET.NET.NET.NET.NET.NET.NET.NET.NET,14.0,CANCELLEDCANCELLEDCANCELLEDCANCELLEDCANCELLEDCANCELLEDCANCELLEDCANCELLEDCANCELLEDCANCELLEDCANCELLED,
2024-08-02,.NET.NET,2.0,CANCELLEDCANCELLED,
2024-08-03,0,0.0,0,
2024-08-04,0,0.0,0,
2024-08-05,.NET.NET.NET.NET.NET.NET,6.0,CANCELLEDCANCELLEDCANCELLEDCANCELLEDCANCELLEDCANCELLED,
2024-08-06,.NET.NET.NET.NET,4.0,CANCELLEDCANCELLEDCANCELLEDCANCELLED,
2024-08-07,.NET.NET.NET.NET.NET,5.0,CANCELLEDCANCELLEDCANCELLEDCANCELLEDCANCELLED,
2024-08-08,.NET.NET.NET.NET,4.0,CANCELLEDCANCELLEDCANCELLEDCANCELLED,
2024-08-09,.NET.NET.NET,5.0,CANCELLEDCANCELLEDCANCELLED,
2024-08-10,0,0.0,0,
2024-08-11,0,0.0,0,
2024-08-12,.NET.NET,2.0,CANCELLEDCANCELLED,
2024-08-13,.NET.NET.NET,3.0,CANCELLEDCANCELLEDCANCELLED,
2024-08-14,.NET,1.0,CANCELLED,
2024-08-15,.NET,1.0,FULFILLED,
2024-08-16,.NET.NET.NET,3.0,CANCELLEDCANCELLEDCANCELLED,
2024-08-17,0,0.0,0,
2024-08-18,0,0.0,0,
2024-08-19,.NET.NET.NET,3.0,CANCELLEDCANCELLEDCANCELLED,
2024-08-20,.NET.NET.NET.NET.NET,5.0,CANCELLEDCANCELLEDCANCELLEDCANCELLEDCANCELLED,
2024-08-21,.NET,1.0,CANCELLED,
2024-08-22,.NET.NET.NET.NET.NET.NET,6.0,CANCELLEDCANCELLEDCANCELLEDCANCELLEDCANCELLEDCANCELLED,
2024-08-23,.NET,1.0,CANCELLED,
2024-08-24,0,0.0,0,
2024-08-25,.NET,1.0,CANCELLED,
2024-08-26,.NET,1.0,CANCELLED,
2024-08-27,.NET.NET.NET.NET,6.0,CANCELLEDCANCELLEDCANCELLEDCANCELLED,
2024-08-28,.NET.NET.NET,3.0,FULFILLEDCANCELLEDCANCELLED,
2024-08-29,.NET,1.0,CANCELLED,
2024-08-30,.NET,1.0,CANCELLED,
2024-08-31,0,0.0,0,
2024-09-01,0,0.0,0,
2024-09-02,.NET.NET.NET.NET,14.0,CANCELLEDCANCELLEDCANCELLEDCANCELLED,
2024-09-03,.NET.NET.NET.NET.NET.NET.NET.NET.NET.NET,10.0,CANCELLEDCANCELLEDCANCELLEDCANCELLEDCANCELLEDCANCELLEDCANCELLEDCANCELLEDCANCELLEDCANCELLED,
2024-09-04,.NET.NET.NET.NET,8.0,CANCELLEDCANCELLEDCANCELLEDPENDING,
2024-09-05,.NET.NET.NET.NET,4.0,CANCELLEDCANCELLEDCANCELLEDFULFILLED,
2024-09-06,.NET.NET.NET.NET,4.0,CANCELLEDCANCELLEDCANCELLEDCANCELLED,
2024-09-07,0,0.0,0,
2024-09-08,.NET,1.0,CANCELLED,
2024-09-09,.NET.NET.NET,3.0,CANCELLEDCANCELLEDCANCELLED,
2024-09-10,.NET.NET.NET,3.0,CANCELLEDCANCELLEDCANCELLED,
2024-09-11,.NET,1.0,CANCELLED,
2024-09-12,.NET.NET.NET.NET.NET,7.0,FULFILLEDFULFILLEDCANCELLEDCANCELLEDFULFILLED,
2024-09-13,.NET.NET.NET.NET.NET.NET,6.0,CANCELLEDCANCELLEDCANCELLEDCANCELLEDCANCELLEDCANCELLED,
2024-09-14,0,0.0,0,
2024-09-15,.NET.NET.NET,3.0,CANCELLEDCANCELLEDCANCELLED,
2024-09-16,.NET.NET.NET.NET.NET,5.0,CANCELLEDCANCELLEDCANCELLEDCANCELLEDCANCELLED,
2024-09-17,.NET,1.0,CANCELLED,
2024-09-18,.NET.NET,2.0,FULFILLEDCANCELLED,
2024-09-19,.NET.NET.NET.NET,4.0,CANCELLEDCANCELLEDCANCELLEDCANCELLED,
2024-09-20,.NET.NET.NET.NET.NET,5.0,CANCELLEDCANCELLEDCANCELLEDCANCELLEDCANCELLED,
2024-09-21,0,0.0,0,
2024-09-22,0,0.0,0,
2024-09-23,0,0.0,0,
2024-09-24,.NET.NET,2.0,CANCELLEDCANCELLED,
2024-09-25,.NET.NET.NET,3.0,CANCELLEDFULFILLEDCANCELLED,
2024-09-26,.NET.NET,2.0,CANCELLEDCANCELLED,
2024-09-27,.NET.NET.NET,3.0,FULFILLEDCANCELLEDCANCELLED,
2024-09-28,0,0.0,0,
2024-09-29,0,0.0,0,
2024-09-30,.NET.NET.NET.NET.NET.NET,11.0,CANCELLEDCANCELLEDCANCELLEDCANCELLEDCANCELLEDCANCELLED,
2024-10-01,.NET.NET.NET,3.0,CANCELLEDCANCELLEDCANCELLED,
2024-10-02,.NET,1.0,CANCELLED,
2024-10-03,.NET.NET.NET.NET.NET,6.0,CANCELLEDCANCELLEDCANCELLEDCANCELLEDCANCELLED,
2024-10-04,.NET.NET.NET.NET,4.0,CANCELLEDCANCELLEDCANCELLEDCANCELLED,
2024-10-05,0,0.0,0,
2024-10-06,0,0.0,0,
2024-10-07,.NET.NET.NET.NET,6.0,CANCELLEDCANCELLEDCANCELLEDFULFILLED,
2024-10-08,.NET.NET.NET.NET.NET,5.0,CANCELLEDCANCELLEDCANCELLEDFULFILLEDFULFILLED,
2024-10-09,.NET.NET.NET.NET.NET.NET,6.0,CANCELLEDCANCELLEDCANCELLEDCANCELLEDCANCELLEDCANCELLED,
2024-10-10,.NET.NET.NET.NET.NET.NET.NET.NET.NET.NET,10.0,CANCELLEDCANCELLEDCANCELLEDCANCELLEDCANCELLEDCANCELLEDCANCELLEDPENDINGCANCELLEDCANCELLED,
2024-10-11,.NET,1.0,CANCELLED,
2024-10-12,0,0.0,0,
2024-10-13,0,0.0,0,
2024-10-14,.NET.NET.NET,4.0,CANCELLEDCANCELLEDPENDING,
2024-10-15,.NET.NET.NET.NET,5.0,CANCELLEDCANCELLEDCANCELLEDCANCELLED,
2024-10-16,.NET.NET,2.0,CANCELLEDCANCELLED,
2024-10-17,.NET.NET.NET.NET.NET.NET.NET,8.0,CANCELLEDCANCELLEDCANCELLEDCANCELLEDCANCELLEDCANCELLEDCANCELLED,
2024-10-18,.NET.NET.NET,4.0,FULFILLEDCANCELLEDCANCELLED,
2024-10-19,0,0.0,0,
2024-10-20,.NET.NET.NET,3.0,CANCELLEDPENDINGPENDING,
2024-10-21,.NET.NET.NET,3.0,CANCELLEDCANCELLEDCANCELLED,
2024-10-22,.NET,1.0,CANCELLED,
2024-10-23,.NET.NET.NET.NET.NET.NET.NET.NET.NET,9.0,PENDINGCANCELLEDCANCELLEDCANCELLEDCANCELLEDFULFILLEDFULFILLEDFULFILLEDFULFILLED,
2024-10-24,.NET.NET.NET,4.0,CANCELLEDCANCELLEDCANCELLED,
2024-10-25,.NET.NET,3.0,CANCELLEDCANCELLED,
2024-10-26,0,0.0,0,
2024-10-27,0,0.0,0,
2024-10-28,.NET.NET.NET.NET.NET,5.0,CANCELLEDCANCELLEDCANCELLEDCANCELLEDCANCELLED,
2024-10-29,.NET.NET.NET.NET.NET,5.0,PENDINGCANCELLEDCANCELLEDCANCELLEDCANCELLED,
2024-10-30,.NET.NET.NET.NET.NET,6.0,CANCELLEDCANCELLEDCANCELLEDCANCELLEDCANCELLED,
2024-10-31,0,0.0,0,
2024-11-01,.NET.NET.NET,4.0,CANCELLEDCANCELLEDCANCELLED,
2024-11-02,.NET.NET,2.0,CANCELLEDCANCELLED,
2024-11-03,0,0.0,0,
2024-11-04,.NET.NET.NET.NET.NET,8.0,CANCELLEDCANCELLEDCANCELLEDCANCELLEDCANCELLED,
2024-11-05,.NET,1.0,CANCELLED,
2024-11-06,.NET.NET.NET.NET.NET.NET.NET.NET.NET.NET,10.0,CANCELLEDCANCELLEDCANCELLEDCANCELLEDCANCELLEDCANCELLEDCANCELLEDCANCELLEDCANCELLEDCANCELLED,
2024-11-07,.NET.NET,2.0,CANCELLEDCANCELLED,
2024-11-08,.NET.NET.NET.NET.NET,5.0,CANCELLEDCANCELLEDCANCELLEDCANCELLEDCANCELLED,
2024-11-09,0,0.0,0,
2024-11-10,.NET,3.0,CANCELLED,
2024-11-11,.NET.NET.NET,3.0,CANCELLEDCANCELLEDFULFILLED,
2024-11-12,.NET.NET.NET.NET.NET.NET.NET,10.0,CANCELLEDCANCELLEDCANCELLEDCANCELLEDCANCELLEDPENDINGCANCELLED,
2024-11-13,.NET.NET.NET.NET.NET.NET.NET.NET.NET,13.0,CANCELLEDFULFILLEDPENDINGCANCELLEDCANCELLEDFULFILLEDFULFILLEDCANCELLEDCANCELLED,
2024-11-14,.NET.NET.NET.NET,8.0,CANCELLEDCANCELLEDCANCELLEDCANCELLED,
2024-11-15,.NET.NET.NET.NET.NET,7.0,CANCELLEDCANCELLEDPENDINGCANCELLEDCANCELLED,
2024-11-16,0,0.0,0,
2024-11-17,0,0.0,0,
2024-11-18,.NET.NET.NET,3.0,CANCELLEDPENDINGCANCELLED,
2024-11-19,.NET.NET.NET,4.0,CANCELLEDCANCELLEDCANCELLED,
2024-11-20,.NET.NET.NET.NET,4.0,CANCELLEDCANCELLEDCANCELLEDCANCELLED,
2024-11-21,.NET.NET.NET,6.0,CANCELLEDCANCELLEDCANCELLED,
2024-11-22,.NET,2.0,CANCELLED,
2024-11-23,0,0.0,0,
2024-11-24,0,0.0,0,
2024-11-25,.NET.NET.NET.NET,7.0,CANCELLEDCANCELLEDCANCELLEDCANCELLED,
2024-11-26,.NET.NET.NET.NET.NET,5.0,CANCELLEDCANCELLEDCANCELLEDCANCELLEDCANCELLED,
2024-11-27,.NET.NET.NET.NET,8.0,PENDINGCANCELLEDCANCELLEDCANCELLED,
2024-11-28,0,0.0,0,
2024-11-29,.NET,1.0,CANCELLED,
2024-11-30,0,0.0,0,
2024-12-01,0,0.0,0,
2024-12-02,.NET.NET.NET.NET.NET.NET.NET,7.0,CANCELLEDCANCELLEDCANCELLEDCANCELLEDCANCELLEDPENDINGCANCELLED,
2024-12-03,.NET.NET.NET.NET.NET.NET.NET,7.0,CANCELLEDCANCELLEDCANCELLEDCANCELLEDCANCELLEDCANCELLEDCANCELLED,
2024-12-04,.NET,1.0,CANCELLED,
2024-12-05,.NET.NET.NET.NET.NET.NET.NET.NET.NET.NET.NET.NET.NET,13.0,CANCELLEDCANCELLEDCANCELLEDCANCELLEDCANCELLEDFULFILLEDCANCELLEDCANCELLEDCANCELLEDCANCELLEDCANCELLEDCANCELLEDCANCELLED,
2024-12-06,.NET.NET.NET.NET.NET.NET.NET.NET.NET.NET.NET.NET,12.0,CANCELLEDCANCELLEDPENDINGCANCELLEDFULFILLEDFULFILLEDCANCELLEDPENDINGCANCELLEDPENDINGCANCELLEDCANCELLED,
2024-12-07,0,0.0,0,
2024-12-08,0,0.0,0,
2024-12-09,0,0.0,0,
2024-12-10,.NET.NET.NET.NET.NET,5.0,CANCELLEDFULFILLEDPENDINGPENDINGPENDING,
2024-12-11,.NET,1.0,CANCELLED,
2024-12-12,.NET.NET.NET.NET,4.0,PENDINGCANCELLEDCANCELLEDCANCELLED,
2024-12-13,.NET.NET.NET.NET.NET.NET.NET.NET.NET.NET,10.0,PENDINGCANCELLEDCANCELLEDCANCELLEDPENDINGPENDINGPENDINGCANCELLEDCANCELLEDFULFILLED,
2024-12-14,0,0.0,0,
2024-12-15,0,0.0,0,
2024-12-16,.NET.NET.NET.NET,4.0,CANCELLEDCANCELLEDCANCELLEDPENDING,
2024-12-17,.NET.NET.NET.NET.NET,5.0,CANCELLEDCANCELLEDCANCELLEDCANCELLEDCANCELLED,
2024-12-18,.NET.NET.NET.NET.NET.NET,22.0,PENDINGCANCELLEDCANCELLEDFULFILLEDCANCELLEDCANCELLED,
2024-12-19,.NET.NET.NET.NET.NET.NET.NET.NET,16.0,PENDINGPENDINGPENDINGCANCELLEDPENDINGPENDINGPENDINGCANCELLED,
2024-12-20,.NET.NET.NET,3.0,PENDINGPENDINGCANCELLED,
2024-12-21,0,0.0,0,
2024-12-22,0,0.0,0,
2024-12-23,.NET.NET,2.0,CANCELLEDCANCELLED,
2024-12-24,0,0.0,0,
2024-12-25,0,0.0,0,
2024-12-26,.NET.NET,2.0,CANCELLEDCANCELLED,
2024-12-27,0,0.0,0,
2024-12-28,0,0.0,0,
2024-12-29,.NET,1.0,CANCELLED,
2024-12-30,.NET.NET,2.0,PENDINGPENDING,
2024-12-31,,,,
2025-01-01,,,,
2025-01-02,,,,
2025-01-03,,,,
2025-01-04,,,,
2025-01-05,,,,
2025-01-06,,,,
2025-01-07,,,,
2025-01-08,,,,
2025-01-09,,,,
